{
  "dataset": "hlb",
  "data_path": "data/hlb_healthtree.xlsx",
  "repeats": 10,
  "folds": 5,
  "n_scores": 50,
  "mean_test_c_index": 0.8967798286477496,
  "std_test_c_index": 0.025985297293047296,
  "bootstrap": 2000,
  "alpha": 0.05,
  "ci_mean_test_c_index": [
    0.8895203754402606,
    0.9038383135963661
  ],
  "elapsed_seconds": 19.697818756103516,
  "hyperparams": {
    "epochs": 500,
    "patience": 100,
    "lr": 0.5,
    "wd": 0.0,
    "tau": 0.0,
    "grid_size": 1,
    "spline_order": 3,
    "depth": 2,
    "inner_val_size": 0.2
  }
}