{
  "overall": {
    "base_mean_ctd": 0.6550845143375379,
    "raw_mean_ctd": 0.5398861078919656,
    "delta_mean_ctd": -0.11519840644557233,
    "base_mean_bstd": 0.4816035704899271,
    "raw_mean_bstd": 0.41369390637875614,
    "delta_mean_bstd": -0.06790966411117094,
    "base_long_ctd": 0.6749708934769406,
    "raw_long_ctd": 0.6415437775554929,
    "delta_long_ctd": -0.03342711592144776,
    "base_long_bstd": 0.8977315582162629,
    "raw_long_bstd": 0.7535824130948644,
    "delta_long_bstd": -0.14414914512139854,
    "base_short_ctd": 0.6351981351981351,
    "raw_short_ctd": 0.43822843822843827,
    "delta_short_ctd": -0.1969696969696968,
    "base_short_bstd": 0.06547558276359128,
    "raw_short_bstd": 0.07380539966264796,
    "delta_short_bstd": 0.00832981689905668,
    "base_repeat_overall_ctd_mean": 0.6612704169411151,
    "raw_repeat_overall_ctd_mean": 0.5584335584413687,
    "delta_repeat_overall_ctd_mean": -0.10283685849974644,
    "base_repeat_overall_bstd_mean": 0.48160357048992714,
    "raw_repeat_overall_bstd_mean": 0.41369390637875614,
    "delta_repeat_overall_bstd_mean": -0.067909664111171,
    "base_val_ct_mae_mean": 4.018131602320854,
    "raw_val_ct_mae_mean": 3.6820678089260452,
    "delta_val_ct_mae_mean": -0.33606379339480874
  },
  "windows": [
    {
      "window": "6->1",
      "base_ctd_mean": 0.5128205128205128,
      "raw_ctd_mean": 0.5128205128205129,
      "delta_ctd_mean": 1.1102230246251565e-16,
      "base_ctd_std": 0.2832143850560836,
      "raw_ctd_std": 0.26148818018424536,
      "base_bstd_mean": 0.05087900673561126,
      "raw_bstd_mean": 0.07136247892629607,
      "delta_bstd_mean": 0.020483472190684818,
      "base_bstd_std": 0.03530873337786312,
      "raw_bstd_std": 0.0635425489031301
    },
    {
      "window": "6->3",
      "base_ctd_mean": 0.5767032967032967,
      "raw_ctd_mean": 0.5123516483516484,
      "delta_ctd_mean": -0.0643516483516483,
      "base_ctd_std": 0.1781898001532014,
      "raw_ctd_std": 0.07948273784453991,
      "base_bstd_mean": 0.19925564292644757,
      "raw_bstd_mean": 0.20147531158182966,
      "delta_bstd_mean": 0.00221966865538209,
      "base_bstd_std": 0.08838639262376857,
      "raw_bstd_std": 0.12628887414750795
    },
    {
      "window": "9->1",
      "base_ctd_mean": 0.7575757575757575,
      "raw_ctd_mean": 0.3636363636363636,
      "delta_ctd_mean": -0.39393939393939387,
      "base_ctd_std": 0.22676711434993585,
      "raw_ctd_std": 0.25712973861328997,
      "base_bstd_mean": 0.08007215879157131,
      "raw_bstd_mean": 0.07624832039899986,
      "delta_bstd_mean": -0.0038238383925714575,
      "base_bstd_std": 0.04515080155393176,
      "raw_bstd_std": 0.026032748080469164
    },
    {
      "window": "9->3",
      "base_ctd_mean": 0.7732384902505846,
      "raw_ctd_mean": 0.7707359067593373,
      "delta_ctd_mean": -0.0025025834912472122,
      "base_ctd_std": 0.14663219289649174,
      "raw_ctd_std": 0.19011352513143104,
      "base_bstd_mean": 1.5962074735060783,
      "raw_bstd_mean": 1.305689514607899,
      "delta_bstd_mean": -0.2905179588981792,
      "base_bstd_std": 2.172989966002143,
      "raw_bstd_std": 1.671115265101859
    }
  ],
  "repeats": [
    {
      "repeat": 0,
      "base_best_epoch": 7,
      "raw_best_epoch": 14,
      "base_best_val_mean_ctd": 0.6958333333333333,
      "raw_best_val_mean_ctd": 0.6541666666666667,
      "delta_best_val_mean_ctd": -0.04166666666666663,
      "base_val_ct_mae": 4.293317903791155,
      "raw_val_ct_mae": 3.8934323414371925,
      "delta_val_ct_mae": -0.39988556235396233,
      "base_overall_ctd": 0.3597476597476598,
      "raw_overall_ctd": 0.3888481888481889,
      "delta_overall_ctd": 0.02910052910052907,
      "base_overall_bstd": 0.16368631151129692,
      "raw_overall_bstd": 0.24291090533858517,
      "delta_overall_bstd": 0.07922459382728825,
      "base_long_ctd": 0.4626984126984127,
      "raw_long_ctd": 0.5063492063492063,
      "delta_long_ctd": 0.04365079365079361,
      "base_long_bstd": 0.2684568309736568,
      "raw_long_bstd": 0.3517594729968273,
      "delta_long_bstd": 0.0833026420231705
    },
    {
      "repeat": 1,
      "base_best_epoch": 29,
      "raw_best_epoch": 10,
      "base_best_val_mean_ctd": 0.6336996336996337,
      "raw_best_val_mean_ctd": 0.694139194139194,
      "delta_best_val_mean_ctd": 0.060439560439560336,
      "base_val_ct_mae": 3.6635186439169978,
      "raw_val_ct_mae": 3.7475026540600314,
      "delta_val_ct_mae": 0.08398401014303358,
      "base_overall_ctd": 0.6418414918414919,
      "raw_overall_ctd": 0.6683050283050282,
      "delta_overall_ctd": 0.026463536463536386,
      "base_overall_bstd": 0.20377775535459725,
      "raw_overall_bstd": 0.09598994268873368,
      "delta_overall_bstd": -0.10778781266586357,
      "base_long_ctd": 0.6333333333333333,
      "raw_long_ctd": 0.7561904761904762,
      "delta_long_ctd": 0.12285714285714289,
      "base_long_bstd": 0.28640483259085303,
      "raw_long_bstd": 0.09355281944258073,
      "delta_long_bstd": -0.1928520131482723
    },
    {
      "repeat": 2,
      "base_best_epoch": 3,
      "raw_best_epoch": 4,
      "base_best_val_mean_ctd": 0.6931216931216931,
      "raw_best_val_mean_ctd": 0.6613756613756614,
      "delta_best_val_mean_ctd": -0.031746031746031744,
      "base_val_ct_mae": 3.9382702613222427,
      "raw_val_ct_mae": 3.2435325044138015,
      "delta_val_ct_mae": -0.6947377569084412,
      "base_overall_ctd": 0.7523890349461126,
      "raw_overall_ctd": 0.7009725873652815,
      "delta_overall_ctd": -0.05141644758083119,
      "base_overall_bstd": 0.24935337024638612,
      "raw_overall_bstd": 0.2681378176245112,
      "delta_overall_bstd": 0.018784447378125096,
      "base_long_ctd": 0.7194926433282598,
      "raw_long_ctd": 0.7787316083206495,
      "delta_long_ctd": 0.059238964992389676,
      "base_long_bstd": 0.4582441188904104,
      "raw_long_bstd": 0.4866818238478699,
      "delta_long_bstd": 0.02843770495745951
    },
    {
      "repeat": 3,
      "base_best_epoch": 11,
      "raw_best_epoch": 9,
      "base_best_val_mean_ctd": 0.8269230769230769,
      "raw_best_val_mean_ctd": 0.7,
      "delta_best_val_mean_ctd": -0.12692307692307692,
      "base_val_ct_mae": 3.82674559885568,
      "raw_val_ct_mae": 3.588508482805224,
      "delta_val_ct_mae": -0.23823711605045617,
      "base_overall_ctd": 0.6661218870614843,
      "raw_overall_ctd": 0.7228577750150138,
      "delta_overall_ctd": 0.05673588795352946,
      "base_overall_bstd": 1.5480819426141266,
      "raw_overall_bstd": 1.2051844533272102,
      "delta_overall_bstd": -0.3428974892869163,
      "base_long_ctd": 0.7299520613614574,
      "raw_long_ctd": 0.699671277907136,
      "delta_long_ctd": -0.03028078345432139,
      "base_long_bstd": 3.028141840451406,
      "raw_long_bstd": 2.3636188330440775,
      "delta_long_bstd": -0.6645230074073285
    },
    {
      "repeat": 4,
      "base_best_epoch": 4,
      "raw_best_epoch": 1,
      "base_best_val_mean_ctd": 0.8301282051282051,
      "raw_best_val_mean_ctd": 0.6578144078144078,
      "delta_best_val_mean_ctd": -0.17231379731379726,
      "base_val_ct_mae": 4.368805603718195,
      "raw_val_ct_mae": 3.937363061913977,
      "delta_val_ct_mae": -0.4314425418042176,
      "base_overall_ctd": 0.8862520111088267,
      "raw_overall_ctd": 0.31118421267333063,
      "delta_overall_ctd": -0.575067798435496,
      "base_overall_bstd": 0.2431184727232287,
      "raw_overall_bstd": 0.25624641291474043,
      "delta_overall_bstd": 0.013127940191511728,
      "base_long_ctd": 0.8293780166632401,
      "raw_long_ctd": 0.46677631900999594,
      "delta_long_ctd": -0.3626016976532441,
      "base_long_bstd": 0.44741016817498863,
      "raw_long_bstd": 0.47229911614296627,
      "delta_long_bstd": 0.024888947967977637
    }
  ]
}